{
  "accuracy": 0.9739962448048128,
  "precision_macro": 0.6703276252242891,
  "recall_macro": 0.7863586574342456,
  "f1_macro": 0.6921025346467208,
  "precision_micro": 0.9739962448048128,
  "recall_micro": 0.9739962448048128,
  "f1_micro": 0.9739962448048128,
  "precision_weighted": 0.9798433736128344,
  "recall_weighted": 0.9739962448048128,
  "f1_weighted": 0.9759513748502594,
  "precision_per_class": {
    "Class_0": 0.9987583747397232,
    "Class_1": 0.5934343434343434,
    "Class_2": 0.9971604353999054,
    "Class_3": 0.9652711703139867,
    "Class_4": 0.9095886094645425,
    "Class_5": 0.8812042310821806,
    "Class_6": 0.9421965317919075,
    "Class_7": 0.9118840579710145,
    "Class_8": 0.6666666666666666,
    "Class_9": 0.18181818181818182,
    "Class_10": 0.8302665969681129,
    "Class_11": 0.7336272040302267,
    "Class_12": 0.38461538461538464,
    "Class_13": 0.0,
    "Class_14": 0.05842259006815969
  },
  "recall_per_class": {
    "Class_0": 0.9696207821917205,
    "Class_1": 0.5979643765903307,
    "Class_2": 0.9874248223072717,
    "Class_3": 0.985429820301117,
    "Class_4": 0.9994157740993184,
    "Class_5": 0.9845454545454545,
    "Class_6": 0.9844693701466781,
    "Class_7": 0.9905541561712846,
    "Class_8": 1.0,
    "Class_9": 0.2857142857142857,
    "Class_10": 0.9993707921726547,
    "Class_11": 0.9881255301102629,
    "Class_12": 0.09966777408637874,
    "Class_13": 0.0,
    "Class_14": 0.9230769230769231
  },
  "f1_per_class": {
    "Class_0": 0.9839739189733665,
    "Class_1": 0.5956907477820025,
    "Class_2": 0.9922687492641576,
    "Class_3": 0.9752463350156212,
    "Class_4": 0.9523888075551065,
    "Class_5": 0.9300128810648347,
    "Class_6": 0.9628691983122363,
    "Class_7": 0.9495925143374585,
    "Class_8": 0.8,
    "Class_9": 0.2222222222222222,
    "Class_10": 0.9070039688204894,
    "Class_11": 0.8420672208167691,
    "Class_12": 0.158311345646438,
    "Class_13": 0.0,
    "Class_14": 0.10989010989010989
  },
  "confusion_matrix": [
    [
      440809,
      161,
      72,
      71,
      4548,
      131,
      52,
      150,
      1,
      9,
      6493,
      386,
      47,
      0,
      1690
    ],
    [
      158,
      235,
      0,
      0,
      0,
      0,
      0,
      0,
      0,
      0,
      0,
      0,
      0,
      0,
      0
    ],
    [
      320,
      0,
      25284,
      1,
      1,
      0,
      0,
      0,
      0,
      0,
      0,
      0,
      0,
      0,
      0
    ],
    [
      11,
      0,
      0,
      2029,
      17,
      1,
      1,
      0,
      0,
      0,
      0,
      0,
      0,
      0,
      0
    ],
    [
      27,
      0,
      0,
      0,
      46188,
      0,
      0,
      0,
      0,
      0,
      0,
      0,
      0,
      0,
      0
    ],
    [
      7,
      0,
      0,
      1,
      0,
      1083,
      9,
      0,
      0,
      0,
      0,
      0,
      0,
      0,
      0
    ],
    [
      1,
      0,
      0,
      0,
      1,
      14,
      1141,
      0,
      0,
      0,
      0,
      1,
      0,
      0,
      1
    ],
    [
      2,
      0,
      0,
      0,
      3,
      0,
      8,
      1573,
      0,
      0,
      0,
      1,
      0,
      0,
      1
    ],
    [
      0,
      0,
      0,
      0,
      0,
      0,
      0,
      0,
      2,
      0,
      0,
      0,
      0,
      0,
      0
    ],
    [
      5,
      0,
      0,
      0,
      0,
      0,
      0,
      0,
      0,
      2,
      0,
      0,
      0,
      0,
      0
    ],
    [
      4,
      0,
      0,
      0,
      12,
      0,
      0,
      0,
      0,
      0,
      31766,
      2,
      0,
      0,
      2
    ],
    [
      10,
      0,
      0,
      0,
      2,
      0,
      0,
      2,
      0,
      0,
      0,
      1165,
      0,
      0,
      0
    ],
    [
      1,
      0,
      0,
      0,
      0,
      0,
      0,
      0,
      0,
      0,
      1,
      29,
      30,
      0,
      240
    ],
    [
      1,
      0,
      0,
      0,
      0,
      0,
      0,
      0,
      0,
      0,
      0,
      3,
      0,
      0,
      0
    ],
    [
      1,
      0,
      0,
      0,
      7,
      0,
      0,
      0,
      0,
      0,
      0,
      1,
      1,
      0,
      120
    ]
  ],
  "roc_auc_macro": 0.997236371323318,
  "roc_auc_micro": 0.9998406418590782,
  "pr_auc_macro": 0.7353751862452554,
  "pr_auc_micro": 0.9979411031375497,
  "detection_rate": 0.9950864797496615,
  "false_alarm_rate": 0.030379217808279443,
  "model_name": "DNN",
  "model_type": "classification",
  "test_samples": 566149,
  "timestamp": "2025-09-14T06:25:43.977360"
}