{
  "accuracy": 0.97154282706496,
  "precision_macro": 0.6733328445836404,
  "recall_macro": 0.7762079707020977,
  "f1_macro": 0.7030754505838449,
  "precision_micro": 0.97154282706496,
  "recall_micro": 0.97154282706496,
  "f1_micro": 0.97154282706496,
  "precision_weighted": 0.9774564238305636,
  "recall_weighted": 0.97154282706496,
  "f1_weighted": 0.9733664532379518,
  "precision_per_class": {
    "Class_0": 0.9984594690394176,
    "Class_1": 0.5934343434343434,
    "Class_2": 0.9974263541336712,
    "Class_3": 0.9775500244021474,
    "Class_4": 0.8849566000498189,
    "Class_5": 0.8740861088545898,
    "Class_6": 0.9454545454545454,
    "Class_7": 0.8773006134969326,
    "Class_8": 1.0,
    "Class_9": 0.25,
    "Class_10": 0.8309833363852774,
    "Class_11": 0.7428023032629558,
    "Class_12": 0.12753897024090693,
    "Class_13": 0.0,
    "Class_14": 0.0
  },
  "recall_per_class": {
    "Class_0": 0.9665874796533368,
    "Class_1": 0.5979643765903307,
    "Class_2": 0.9837928610481919,
    "Class_3": 0.9728023312287518,
    "Class_4": 0.9993508601103538,
    "Class_5": 0.9781818181818182,
    "Class_6": 0.9870578084555651,
    "Class_7": 0.9905541561712846,
    "Class_8": 1.0,
    "Class_9": 0.2857142857142857,
    "Class_10": 0.9993707921726547,
    "Class_11": 0.9847328244274809,
    "Class_12": 0.8970099667774086,
    "Class_13": 0.0,
    "Class_14": 0.0
  },
  "f1_per_class": {
    "Class_0": 0.9822650012070707,
    "Class_1": 0.5956907477820025,
    "Class_2": 0.9905626990680665,
    "Class_3": 0.9751703992210321,
    "Class_4": 0.9386813544164871,
    "Class_5": 0.9232089232089232,
    "Class_6": 0.9658083579569439,
    "Class_7": 0.9304939367051168,
    "Class_8": 1.0,
    "Class_9": 0.26666666666666666,
    "Class_10": 0.9074314770114121,
    "Class_11": 0.8468271334792122,
    "Class_12": 0.22332506203473945,
    "Class_13": 0.0,
    "Class_14": 0.0
  },
  "confusion_matrix": [
    [
      439430,
      161,
      65,
      45,
      5962,
      142,
      44,
      218,
      0,
      6,
      6460,
      365,
      1722,
      0,
      0
    ],
    [
      158,
      235,
      0,
      0,
      0,
      0,
      0,
      0,
      0,
      0,
      0,
      0,
      0,
      0,
      0
    ],
    [
      414,
      0,
      25191,
      1,
      0,
      0,
      0,
      0,
      0,
      0,
      0,
      0,
      0,
      0,
      0
    ],
    [
      37,
      0,
      0,
      2003,
      17,
      2,
      0,
      0,
      0,
      0,
      0,
      0,
      0,
      0,
      0
    ],
    [
      30,
      0,
      0,
      0,
      46185,
      0,
      0,
      0,
      0,
      0,
      0,
      0,
      0,
      0,
      0
    ],
    [
      10,
      0,
      0,
      0,
      0,
      1076,
      14,
      0,
      0,
      0,
      0,
      0,
      0,
      0,
      0
    ],
    [
      1,
      0,
      0,
      0,
      1,
      11,
      1144,
      0,
      0,
      0,
      0,
      1,
      1,
      0,
      0
    ],
    [
      2,
      0,
      0,
      0,
      3,
      0,
      8,
      1573,
      0,
      0,
      0,
      1,
      1,
      0,
      0
    ],
    [
      0,
      0,
      0,
      0,
      0,
      0,
      0,
      0,
      2,
      0,
      0,
      0,
      0,
      0,
      0
    ],
    [
      5,
      0,
      0,
      0,
      0,
      0,
      0,
      0,
      0,
      2,
      0,
      0,
      0,
      0,
      0
    ],
    [
      4,
      0,
      0,
      0,
      12,
      0,
      0,
      0,
      0,
      0,
      31766,
      2,
      2,
      0,
      0
    ],
    [
      14,
      0,
      0,
      0,
      2,
      0,
      0,
      2,
      0,
      0,
      0,
      1161,
      0,
      0,
      0
    ],
    [
      1,
      0,
      0,
      0,
      0,
      0,
      0,
      0,
      0,
      0,
      1,
      29,
      270,
      0,
      0
    ],
    [
      1,
      0,
      0,
      0,
      0,
      0,
      0,
      0,
      0,
      0,
      0,
      3,
      0,
      0,
      0
    ],
    [
      1,
      0,
      0,
      0,
      7,
      0,
      0,
      0,
      0,
      0,
      0,
      1,
      121,
      0,
      0
    ]
  ],
  "roc_auc_macro": 0.9979247629978634,
  "roc_auc_micro": 0.9998195737173293,
  "pr_auc_macro": 0.7346796768577463,
  "pr_auc_micro": 0.9976872147712335,
  "detection_rate": 0.9939208636318805,
  "false_alarm_rate": 0.03341252034666315,
  "model_name": "Ensemble (CNN-LSTM + DNN)",
  "model_type": "ensemble",
  "test_samples": 566149,
  "timestamp": "2025-09-14T06:25:51.897636"
}