{
  "CNN-LSTM": {
    "accuracy": 0.9673407530526417,
    "precision_macro": 0.6203726790655127,
    "recall_macro": 0.7547136611858216,
    "f1_macro": 0.6625486595711523,
    "precision_micro": 0.9673407530526417,
    "recall_micro": 0.9673407530526417,
    "f1_micro": 0.9673407530526417,
    "precision_weighted": 0.974186808809898,
    "recall_weighted": 0.9673407530526417,
    "f1_weighted": 0.9693654678867083,
    "precision_per_class": {
      "Class_0": 0.9980371436331559,
      "Class_1": 0.5860349127182045,
      "Class_2": 0.9953858392999204,
      "Class_3": 0.960726558664703,
      "Class_4": 0.8570792272145203,
      "Class_5": 0.8311180609851446,
      "Class_6": 0.9102462271644162,
      "Class_7": 0.823744769874477,
      "Class_8": 0.6666666666666666,
      "Class_9": 0.0,
      "Class_10": 0.828469342513627,
      "Class_11": 0.7213930348258707,
      "Class_12": 0.12668840242198418,
      "Class_13": 0.0,
      "Class_14": 0.0
    },
    "recall_per_class": {
      "Class_0": 0.9618516563283621,
      "Class_1": 0.5979643765903307,
      "Class_2": 0.9772709521205968,
      "Class_3": 0.950461389023798,
      "Class_4": 0.9992859461213892,
      "Class_5": 0.9663636363636363,
      "Class_6": 0.9887834339948232,
      "Class_7": 0.9918136020151134,
      "Class_8": 1.0,
      "Class_9": 0.0,
      "Class_10": 0.9993707921726547,
      "Class_11": 0.9838846480067854,
      "Class_12": 0.9036544850498339,
      "Class_13": 0.0,
      "Class_14": 0.0
    },
    "f1_per_class": {
      "Class_0": 0.9796103530972033,
      "Class_1": 0.5919395465994962,
      "Class_2": 0.9862452212982304,
      "Class_3": 0.95556640625,
      "Class_4": 0.9227357189953845,
      "Class_5": 0.8936527952921396,
      "Class_6": 0.9478908188585607,
      "Class_7": 0.9,
      "Class_8": 0.8,
      "Class_9": 0.0,
      "Class_10": 0.9059304995080495,
      "Class_11": 0.8324363114459993,
      "Class_12": 0.2222222222222222,
      "Class_13": 0.0,
      "Class_14": 0.0
    },
    "confusion_matrix": [
      [
        437277,
        166,
        116,
        77,
        7653,
        206,
        77,
        335,
        1,
        0,
        6552,
        411,
        1749,
        0,
        0
      ],
      [
        158,
        235,
        0,
        0,
        0,
        0,
        0,
        0,
        0,
        0,
        0,
        0,
        0,
        0,
        0
      ],
      [
        552,
        0,
        25024,
        2,
        3,
        0,
        0,
        0,
        0,
        0,
        25,
        0,
        0,
        0,
        0
      ],
      [
        82,
        0,
        0,
        1957,
        18,
        2,
        0,
        0,
        0,
        0,
        0,
        0,
        0,
        0,
        0
      ],
      [
        32,
        0,
        0,
        1,
        46182,
        0,
        0,
        0,
        0,
        0,
        0,
        0,
        0,
        0,
        0
      ],
      [
        7,
        0,
        0,
        0,
        1,
        1063,
        28,
        0,
        0,
        0,
        0,
        0,
        1,
        0,
        0
      ],
      [
        1,
        0,
        0,
        0,
        2,
        8,
        1146,
        0,
        0,
        0,
        0,
        1,
        1,
        0,
        0
      ],
      [
        0,
        0,
        0,
        0,
        3,
        0,
        8,
        1575,
        0,
        0,
        0,
        1,
        1,
        0,
        0
      ],
      [
        0,
        0,
        0,
        0,
        0,
        0,
        0,
        0,
        2,
        0,
        0,
        0,
        0,
        0,
        0
      ],
      [
        7,
        0,
        0,
        0,
        0,
        0,
        0,
        0,
        0,
        0,
        0,
        0,
        0,
        0,
        0
      ],
      [
        4,
        0,
        0,
        0,
        12,
        0,
        0,
        0,
        0,
        0,
        31766,
        2,
        2,
        0,
        0
      ],
      [
        15,
        0,
        0,
        0,
        2,
        0,
        0,
        2,
        0,
        0,
        0,
        1160,
        0,
        0,
        0
      ],
      [
        0,
        0,
        0,
        0,
        0,
        0,
        0,
        0,
        0,
        0,
        0,
        29,
        272,
        0,
        0
      ],
      [
        1,
        0,
        0,
        0,
        0,
        0,
        0,
        0,
        0,
        0,
        0,
        3,
        0,
        0,
        0
      ],
      [
        1,
        0,
        0,
        0,
        7,
        0,
        0,
        0,
        0,
        0,
        0,
        1,
        121,
        0,
        0
      ]
    ],
    "roc_auc_macro": 0.9965459264680784,
    "roc_auc_micro": 0.9997653040384819,
    "pr_auc_macro": 0.6969282871744611,
    "pr_auc_micro": 0.9970044922277618,
    "detection_rate": 0.992289001066987,
    "false_alarm_rate": 0.03814834367163785,
    "model_name": "CNN-LSTM",
    "model_type": "classification",
    "test_samples": 566149,
    "timestamp": "2025-09-14T06:25:35.922729"
  },
  "DNN": {
    "accuracy": 0.9739962448048128,
    "precision_macro": 0.6703276252242891,
    "recall_macro": 0.7863586574342456,
    "f1_macro": 0.6921025346467208,
    "precision_micro": 0.9739962448048128,
    "recall_micro": 0.9739962448048128,
    "f1_micro": 0.9739962448048128,
    "precision_weighted": 0.9798433736128344,
    "recall_weighted": 0.9739962448048128,
    "f1_weighted": 0.9759513748502594,
    "precision_per_class": {
      "Class_0": 0.9987583747397232,
      "Class_1": 0.5934343434343434,
      "Class_2": 0.9971604353999054,
      "Class_3": 0.9652711703139867,
      "Class_4": 0.9095886094645425,
      "Class_5": 0.8812042310821806,
      "Class_6": 0.9421965317919075,
      "Class_7": 0.9118840579710145,
      "Class_8": 0.6666666666666666,
      "Class_9": 0.18181818181818182,
      "Class_10": 0.8302665969681129,
      "Class_11": 0.7336272040302267,
      "Class_12": 0.38461538461538464,
      "Class_13": 0.0,
      "Class_14": 0.05842259006815969
    },
    "recall_per_class": {
      "Class_0": 0.9696207821917205,
      "Class_1": 0.5979643765903307,
      "Class_2": 0.9874248223072717,
      "Class_3": 0.985429820301117,
      "Class_4": 0.9994157740993184,
      "Class_5": 0.9845454545454545,
      "Class_6": 0.9844693701466781,
      "Class_7": 0.9905541561712846,
      "Class_8": 1.0,
      "Class_9": 0.2857142857142857,
      "Class_10": 0.9993707921726547,
      "Class_11": 0.9881255301102629,
      "Class_12": 0.09966777408637874,
      "Class_13": 0.0,
      "Class_14": 0.9230769230769231
    },
    "f1_per_class": {
      "Class_0": 0.9839739189733665,
      "Class_1": 0.5956907477820025,
      "Class_2": 0.9922687492641576,
      "Class_3": 0.9752463350156212,
      "Class_4": 0.9523888075551065,
      "Class_5": 0.9300128810648347,
      "Class_6": 0.9628691983122363,
      "Class_7": 0.9495925143374585,
      "Class_8": 0.8,
      "Class_9": 0.2222222222222222,
      "Class_10": 0.9070039688204894,
      "Class_11": 0.8420672208167691,
      "Class_12": 0.158311345646438,
      "Class_13": 0.0,
      "Class_14": 0.10989010989010989
    },